{"rf": {"acc": 0.52, "f1": 0.375}, "dl": {"acc": 0.30666666666666664, "f1": 0.2391304347826087}}