{
  "x": 6.87627739910124,
  "y": 6.739789164778393,
  "z": 4.761111221236648
}